[
  {
    "Id": "830425",
    "ThreadId": "354074",
    "Html": "\r\n<p>select-control is unable to&nbsp;to select any of the buttons.</p>\r\n",
    "PostedDate": "2012-04-30T17:18:13.487-07:00",
    "UserRole": null,
    "MarkedAsAnswerDate": null
  },
  {
    "Id": "830453",
    "ThreadId": "354074",
    "Html": "<p>Good question -- can you give me an example app I can playtest with?</p>",
    "PostedDate": "2012-04-30T20:19:56.767-07:00",
    "UserRole": null,
    "MarkedAsAnswerDate": null
  },
  {
    "Id": "830474",
    "ThreadId": "354074",
    "Html": "<p>OK. I will get this to you t'row. I have to strip off somethings and make it less dependent before posting it.</p>",
    "PostedDate": "2012-04-30T21:58:00.9-07:00",
    "UserRole": null,
    "MarkedAsAnswerDate": null
  },
  {
    "Id": "1315545",
    "ThreadId": "354074",
    "Html": "Does anyone know if the issue with QWidget controls was resolved?<br />\n",
    "PostedDate": "2014-10-21T20:14:05.293-07:00",
    "UserRole": null,
    "MarkedAsAnswerDate": null
  },
  {
    "Id": "1315555",
    "ThreadId": "354074",
    "Html": "I had a look at VLC, which is Qt based -- as far as I can tell, they're not exposing <strong>anything</strong> to automation :-/\r<br />\n<br />\nSome guys over at AutoIT have had success using RanorexSpy ... but although Ranorex seems to see the controls on the window, it's not exposing them to UIAutomation as far as I can tell.\r<br />\n<br />\n<a href=\"http://www.autoitscript.com/forum/topic/130371-automate-qt-and-qwidgets/\" rel=\"nofollow\">http://www.autoitscript.com/forum/topic/130371-automate-qt-and-qwidgets/</a><br />\n",
    "PostedDate": "2014-10-21T22:25:57.05-07:00",
    "UserRole": null,
    "MarkedAsAnswerDate": null
  }
]