[
  {
    "Id": "34309",
    "Title": "session required?",
    "LatestDate": "2010-12-08T07:28:55.01-08:00"
  },
  {
    "Id": "38209",
    "Title": "Host Out-GridView in WinForm",
    "LatestDate": "2008-10-21T16:53:04.51-07:00"
  },
  {
    "Id": "43579",
    "Title": "Sample commands",
    "LatestDate": "2010-04-20T07:26:59.327-07:00"
  },
  {
    "Id": "53005",
    "Title": "modal and docked",
    "LatestDate": "2009-04-11T14:33:43.523-07:00"
  },
  {
    "Id": "77658",
    "Title": "Send-Keys to the Desktop, TaskBar, Start Menu",
    "LatestDate": "2009-12-09T16:20:42.027-08:00"
  },
  {
    "Id": "218220",
    "Title": "Using WASP for global hotkey commands",
    "LatestDate": "2010-07-02T20:27:54.893-07:00"
  },
  {
    "Id": "224629",
    "Title": "Javascript alert box",
    "LatestDate": "2010-08-24T04:57:29.557-07:00"
  },
  {
    "Id": "231332",
    "Title": "Select-Window by title?",
    "LatestDate": "2010-11-12T02:06:52-08:00"
  },
  {
    "Id": "239461",
    "Title": "Getting started ",
    "LatestDate": "2010-12-23T15:33:23.387-08:00"
  },
  {
    "Id": "254556",
    "Title": "Send-Click Windows 7",
    "LatestDate": "2011-10-03T21:49:19.297-07:00"
  },
  {
    "Id": "269515",
    "Title": "Help with using WASP for testing automation",
    "LatestDate": "2011-08-17T23:56:30.987-07:00"
  },
  {
    "Id": "270063",
    "Title": "Can I run Send-Keys to send key strokes to a remote computer?",
    "LatestDate": "2011-08-23T03:58:40.027-07:00"
  },
  {
    "Id": "270552",
    "Title": "Why not -Left 0 or -Top 0?",
    "LatestDate": "2011-08-26T09:01:46.13-07:00"
  },
  {
    "Id": "273211",
    "Title": "Help using GetChildren() to get untitled controls",
    "LatestDate": "2011-09-20T09:20:41.283-07:00"
  },
  {
    "Id": "273416",
    "Title": "Select Tabbed window",
    "LatestDate": "2011-09-21T21:53:10.257-07:00"
  },
  {
    "Id": "278920",
    "Title": "Powershell 3.0 support for WASP?",
    "LatestDate": "2011-11-13T20:42:02.03-08:00"
  },
  {
    "Id": "283581",
    "Title": "Is \"File Download - Security Warning\" Protected for Sendclick?",
    "LatestDate": "2011-12-20T03:08:30.65-08:00"
  },
  {
    "Id": "286005",
    "Title": "SendKeys method similar to SendWait",
    "LatestDate": "2012-01-12T15:15:52.94-08:00"
  },
  {
    "Id": "354074",
    "Title": "will it work for QWidget type?",
    "LatestDate": "2014-10-21T22:25:57.05-07:00"
  },
  {
    "Id": "354412",
    "Title": "Get the window of a newly started process",
    "LatestDate": "2012-05-04T21:32:14.423-07:00"
  },
  {
    "Id": "355975",
    "Title": "Detect a dialog",
    "LatestDate": "2012-05-16T02:24:10.863-07:00"
  },
  {
    "Id": "357184",
    "Title": "How to use Select-Control?",
    "LatestDate": "2012-05-25T14:22:29.14-07:00"
  },
  {
    "Id": "358640",
    "Title": "No updates in three years?",
    "LatestDate": "2013-10-05T21:32:30.887-07:00"
  },
  {
    "Id": "395234",
    "Title": "How to send right-click to tray application",
    "LatestDate": "2012-09-23T21:42:10.297-07:00"
  },
  {
    "Id": "403351",
    "Title": "Javascript form submission button stored as a image ",
    "LatestDate": "2012-11-16T14:57:03.637-08:00"
  },
  {
    "Id": "430630",
    "Title": "Windows 8 problem",
    "LatestDate": "2015-01-09T14:44:26.647-08:00"
  },
  {
    "Id": "431754",
    "Title": "Move a powershell window",
    "LatestDate": "2013-02-04T22:59:26.857-08:00"
  },
  {
    "Id": "432821",
    "Title": "Autmation Script",
    "LatestDate": "2013-02-12T03:54:26.077-08:00"
  },
  {
    "Id": "434958",
    "Title": "Manipulating ComboBox class",
    "LatestDate": "2013-04-13T19:04:19.703-07:00"
  },
  {
    "Id": "439506",
    "Title": "Download File : Save & open button",
    "LatestDate": "2013-04-09T09:01:51.823-07:00"
  },
  {
    "Id": "439842",
    "Title": "Where's the documentation?!",
    "LatestDate": "2013-04-14T12:25:37.75-07:00"
  },
  {
    "Id": "450934",
    "Title": "Write to a textbox by html id",
    "LatestDate": "2013-10-23T02:47:26.07-07:00"
  },
  {
    "Id": "453813",
    "Title": "Unable to resize Microsoft Management Console (MMC) window",
    "LatestDate": "2013-08-20T10:51:15.65-07:00"
  },
  {
    "Id": "461938",
    "Title": "Need help to make WASP module \"ultra-portable\"",
    "LatestDate": "2013-10-13T21:52:35.297-07:00"
  },
  {
    "Id": "463918",
    "Title": "WASP send-click challenges",
    "LatestDate": "2013-10-30T05:58:17.54-07:00"
  },
  {
    "Id": "544585",
    "Title": "Wasp support in Powershell 3",
    "LatestDate": "2014-05-08T12:41:00.787-07:00"
  },
  {
    "Id": "545433",
    "Title": "Focus",
    "LatestDate": "2014-05-15T07:20:13.54-07:00"
  },
  {
    "Id": "545474",
    "Title": "Taskbar",
    "LatestDate": "2014-05-19T19:11:37.667-07:00"
  },
  {
    "Id": "549593",
    "Title": "Unable to Import WASP",
    "LatestDate": "2014-08-20T19:12:08.973-07:00"
  },
  {
    "Id": "554052",
    "Title": "WASP and the Windows OSK (On-Screen Keyboard)",
    "LatestDate": "2014-08-03T20:06:33.553-07:00"
  },
  {
    "Id": "569316",
    "Title": "The term is not recognized in ISE",
    "LatestDate": "2014-10-08T10:12:21.66-07:00"
  },
  {
    "Id": "570417",
    "Title": "Send-Keys to an non active Window",
    "LatestDate": "2014-10-22T08:13:33.37-07:00"
  },
  {
    "Id": "571536",
    "Title": "How to send Keys to HYPER-V Console?",
    "LatestDate": "2014-11-08T22:23:39.88-08:00"
  },
  {
    "Id": "571559",
    "Title": "maximize window in different session",
    "LatestDate": "2014-11-08T20:54:46.387-08:00"
  },
  {
    "Id": "581231",
    "Title": "Using Task Scheduler",
    "LatestDate": "2015-02-17T15:19:18.21-08:00"
  },
  {
    "Id": "582066",
    "Title": "How to access IE11 file save dialog?",
    "LatestDate": "2016-08-23T21:12:53.917-07:00"
  },
  {
    "Id": "638250",
    "Title": "Opening new window within program - WASP not recognising new window",
    "LatestDate": "2016-11-10T11:14:06.733-08:00"
  },
  {
    "Id": "652578",
    "Title": "Windows 10 multiple desktops",
    "LatestDate": "2016-03-16T10:12:19.783-07:00"
  },
  {
    "Id": "653431",
    "Title": "Flash site send-click issue",
    "LatestDate": "2016-04-10T15:45:05.303-07:00"
  },
  {
    "Id": "653787",
    "Title": "Windows Security Pop-Up",
    "LatestDate": "2016-04-21T21:52:13.167-07:00"
  },
  {
    "Id": "660409",
    "Title": "Powershell ISE WASP/Scipt Freezes on IE Forms Dialog Window Opens - Does not execute further script",
    "LatestDate": "2016-12-30T02:39:57.187-08:00"
  },
  {
    "Id": "663474",
    "Title": "Migration",
    "LatestDate": "2017-07-24T06:14:57.37-07:00"
  }
]