[
  {
    "Id": "1469632",
    "ThreadId": "653431",
    "Html": "Hi,\r<br />\n<br />\nI was wondering if you can send a double-click through wasp onto a website that contains a flash app. I'm trying to click on a &quot;menu&quot; item of the flash website but sending the command only places the mouse cursor to the coordinates but the actual clicking does not occur.\r<br />\n<br />\nThank you<br />\n",
    "PostedDate": "2016-04-10T15:45:05.303-07:00",
    "UserRole": null,
    "MarkedAsAnswerDate": null
  }
]