[
  {
    "Title": "Documentation",
    "Id": "712892",
    "ParentWikiTitle": "Documentation",
    "FileExtension": "codeplexwiki",
    "UpdatedDate": "2013-04-01T10:14:32.563-07:00",
    "FileAttachments": []
  },
  {
    "Title": "Some Usage Examples",
    "Id": "136066",
    "ParentWikiTitle": "Home",
    "FileExtension": "codeplexwiki",
    "UpdatedDate": "2009-01-21T08:44:32.963-08:00",
    "FileAttachments": []
  },
  {
    "Title": "Home",
    "Id": "135803",
    "ParentWikiTitle": "",
    "FileExtension": "codeplexwiki",
    "UpdatedDate": "2009-01-20T06:48:23.66-08:00",
    "FileAttachments": [
      {
        "Id": "b5d720e7-f473-48f7-a388-2fc3b0439217",
        "FileName": "WASP.png",
        "DownloadUri": "./135803/b5d720e7-f473-48f7-a388-2fc3b0439217"
      }
    ]
  },
  {
    "Title": "automation cmdlets",
    "Id": "135796",
    "ParentWikiTitle": "Home",
    "FileExtension": "codeplexwiki",
    "UpdatedDate": "2009-01-20T06:26:09.573-08:00",
    "FileAttachments": []
  }
]
